Time,Traj_X,Traj_Y,Traj_Z
20,0.941383,-0.33763,0
20.05,0.941627,-0.337659,0
20.1,0.941869,-0.337689,0
20.15,0.942112,-0.337718,0
20.2,0.942353,-0.337748,0
20.25,0.942593,-0.337777,0
20.3,0.942833,-0.337806,0
20.35,0.943072,-0.337835,0
20.4,0.943311,-0.337863,0
20.45,0.943548,-0.337892,0
20.5,0.943785,-0.33792,0
20.55,0.944022,-0.337948,0
20.6,0.944257,-0.337976,0
20.65,0.944492,-0.338003,0
20.7,0.944726,-0.33803,0
20.75,0.94496,-0.338057,0
20.8,0.945192,-0.338084,0
20.85,0.945424,-0.338111,0
20.9,0.945656,-0.338137,0
20.95,0.945886,-0.338163,0
21,0.946116,-0.338189,0
21.05,0.946346,-0.338214,0
21.1,0.946574,-0.338239,0
21.15,0.946802,-0.338265,0
21.2,0.94703,-0.338289,0
21.25,0.947256,-0.338314,0
21.3,0.947482,-0.338338,0
21.35,0.947707,-0.338362,0
21.4,0.947932,-0.338386,0
21.45,0.948155,-0.33841,0
21.5,0.948379,-0.338433,0
21.55,0.948601,-0.338456,0
21.6,0.948823,-0.338479,0
21.65,0.949044,-0.338502,0
21.7,0.949264,-0.338524,0
21.75,0.949484,-0.338547,0
21.8,0.949703,-0.338568,0
21.85,0.949921,-0.33859,0
21.9,0.950139,-0.338612,0
21.95,0.950356,-0.338633,0
22,0.950572,-0.338654,0
22.05,0.950788,-0.338674,0
22.1,0.951002,-0.338695,0
22.15,0.951217,-0.338715,0
22.2,0.95143,-0.338735,0
22.25,0.951643,-0.338755,0
22.3,0.951855,-0.338774,0
22.35,0.952067,-0.338794,0
22.4,0.952277,-0.338813,0
22.45,0.952488,-0.338831,0
22.5,0.952697,-0.33885,0
22.55,0.952906,-0.338868,0
22.6,0.953114,-0.338886,0
22.65,0.953321,-0.338904,0
22.7,0.953528,-0.338922,0
22.75,0.953734,-0.338939,0
22.8,0.953939,-0.338956,0
22.85,0.954144,-0.338973,0
22.9,0.954348,-0.33899,0
22.95,0.954551,-0.339006,0
23,0.954754,-0.339022,0
23.05,0.954956,-0.339038,0
23.1,0.955157,-0.339054,0
23.15,0.955358,-0.339069,0
23.2,0.955558,-0.339084,0
23.25,0.955757,-0.339099,0
23.3,0.955956,-0.339114,0
23.35,0.956154,-0.339128,0
23.4,0.956351,-0.339143,0
23.45,0.956548,-0.339157,0
23.5,0.956743,-0.33917,0
23.55,0.956939,-0.339184,0
23.6,0.957133,-0.339197,0
23.65,0.957327,-0.33921,0
23.7,0.95752,-0.339223,0
23.75,0.957713,-0.339235,0
23.8,0.957905,-0.339248,0
23.85,0.958096,-0.33926,0
23.9,0.958286,-0.339272,0
23.95,0.958476,-0.339283,0
24,0.958665,-0.339295,0
24.05,0.958854,-0.339306,0
24.1,0.959042,-0.339317,0
24.15,0.959229,-0.339327,0
24.2,0.959415,-0.339338,0
24.25,0.959601,-0.339348,0
24.3,0.959786,-0.339358,0
24.35,0.959971,-0.339367,0
24.4,0.960154,-0.339377,0
24.45,0.960338,-0.339386,0
24.5,0.96052,-0.339395,0
24.55,0.960702,-0.339404,0
24.6,0.960883,-0.339412,0
24.65,0.961063,-0.339421,0
24.7,0.961243,-0.339429,0
24.75,0.961422,-0.339437,0
24.8,0.961601,-0.339444,0
24.85,0.961778,-0.339451,0
24.9,0.961955,-0.339459,0
24.95,0.962132,-0.339465,0
25,0.962308,-0.339472,0
25.05,0.962483,-0.339478,0
25.1,0.962657,-0.339485,0
25.15,0.962831,-0.33949,0
25.2,0.963004,-0.339496,0
25.25,0.963176,-0.339502,0
25.3,0.963348,-0.339507,0
25.35,0.963519,-0.339512,0
25.4,0.963689,-0.339517,0
25.45,0.963859,-0.339521,0
25.5,0.964028,-0.339525,0
25.55,0.964197,-0.339529,0
25.6,0.964364,-0.339533,0
25.65,0.964532,-0.339537,0
25.7,0.964698,-0.33954,0
25.75,0.964864,-0.339543,0
25.8,0.965029,-0.339546,0
25.85,0.965193,-0.339549,0
25.9,0.965357,-0.339551,0
25.95,0.96552,-0.339553,0
26,0.965683,-0.339555,0
26.05,0.965844,-0.339557,0
26.1,0.966005,-0.339558,0
26.15,0.966166,-0.33956,0
26.2,0.966326,-0.339561,0
26.25,0.966485,-0.339561,0
26.3,0.966643,-0.339562,0
26.35,0.966801,-0.339562,0
26.4,0.966958,-0.339562,0
26.45,0.967114,-0.339562,0
26.5,0.96727,-0.339562,0
26.55,0.967425,-0.339561,0
26.6,0.96758,-0.33956,0
26.65,0.967734,-0.339559,0
26.7,0.967887,-0.339558,0
26.75,0.968039,-0.339556,0
26.8,0.968191,-0.339555,0
26.85,0.968342,-0.339553,0
26.9,0.968493,-0.33955,0
26.95,0.968643,-0.339548,0
27,0.968792,-0.339545,0
27.05,0.96894,-0.339542,0
27.1,0.969088,-0.339539,0
27.15,0.969235,-0.339536,0
27.2,0.969382,-0.339532,0
27.25,0.969528,-0.339528,0
27.3,0.969673,-0.339524,0
27.35,0.969818,-0.33952,0
27.4,0.969962,-0.339515,0
27.45,0.970105,-0.33951,0
27.5,0.970247,-0.339505,0
27.55,0.970389,-0.3395,0
27.6,0.970531,-0.339495,0
27.65,0.970671,-0.339489,0
27.7,0.970811,-0.339483,0
27.75,0.97095,-0.339477,0
27.8,0.971089,-0.33947,0
27.85,0.971227,-0.339464,0
27.9,0.971364,-0.339457,0
27.95,0.971501,-0.33945,0
28,0.971637,-0.339443,0
28.05,0.971772,-0.339435,0
28.1,0.971907,-0.339427,0
28.15,0.972041,-0.339419,0
28.2,0.972174,-0.339411,0
28.25,0.972307,-0.339403,0
28.3,0.972439,-0.339394,0
28.35,0.972571,-0.339385,0
28.4,0.972701,-0.339376,0
28.45,0.972831,-0.339366,0
28.5,0.972961,-0.339357,0
28.55,0.97309,-0.339347,0
28.6,0.973218,-0.339337,0
28.65,0.973345,-0.339327,0
28.7,0.973472,-0.339316,0
28.75,0.973598,-0.339305,0
28.8,0.973724,-0.339294,0
28.85,0.973849,-0.339283,0
28.9,0.973973,-0.339272,0
28.95,0.974096,-0.33926,0
29,0.974219,-0.339248,0
29.05,0.974341,-0.339236,0
29.1,0.974463,-0.339224,0
29.15,0.974584,-0.339211,0
29.2,0.974704,-0.339198,0
29.25,0.974824,-0.339185,0
29.3,0.974943,-0.339172,0
29.35,0.975061,-0.339158,0
29.4,0.975179,-0.339145,0
29.45,0.975296,-0.339131,0
29.5,0.975412,-0.339117,0
29.55,0.975528,-0.339102,0
29.6,0.975643,-0.339088,0
29.65,0.975757,-0.339073,0
29.7,0.975871,-0.339058,0
29.75,0.975984,-0.339042,0
29.8,0.976096,-0.339027,0
29.85,0.976208,-0.339011,0
29.9,0.976319,-0.338995,0
29.95,0.97643,-0.338979,0
30,0.97654,-0.338962,0
30.05,0.976649,-0.338946,0
30.1,0.976757,-0.338929,0
30.15,0.976865,-0.338912,0
30.2,0.976972,-0.338894,0
30.25,0.977079,-0.338877,0
30.3,0.977185,-0.338859,0
30.35,0.97729,-0.338841,0
30.4,0.977395,-0.338823,0
30.45,0.977499,-0.338804,0
30.5,0.977602,-0.338786,0
30.55,0.977705,-0.338767,0
30.6,0.977807,-0.338748,0
30.65,0.977908,-0.338728,0
30.7,0.978009,-0.338709,0
30.75,0.978109,-0.338689,0
30.8,0.978208,-0.338669,0
30.85,0.978307,-0.338649,0
30.9,0.978405,-0.338628,0
30.95,0.978502,-0.338607,0
31,0.978599,-0.338586,0
31.05,0.978695,-0.338565,0
31.1,0.978791,-0.338544,0
31.15,0.978886,-0.338522,0
31.2,0.97898,-0.3385,0
31.25,0.979073,-0.338478,0
31.3,0.979166,-0.338456,0
31.35,0.979259,-0.338433,0
31.4,0.97935,-0.338411,0
31.45,0.979441,-0.338388,0
31.5,0.979531,-0.338365,0
31.55,0.979621,-0.338341,0
31.6,0.97971,-0.338317,0
31.65,0.979798,-0.338294,0
31.7,0.979886,-0.33827,0
31.75,0.979973,-0.338245,0
31.8,0.98006,-0.338221,0
31.85,0.980145,-0.338196,0
31.9,0.98023,-0.338171,0
31.95,0.980315,-0.338146,0
32,0.980399,-0.33812,0
32.05,0.980482,-0.338095,0
32.1,0.980564,-0.338069,0
32.15,0.980646,-0.338043,0
32.2,0.980728,-0.338016,0
32.25,0.980808,-0.33799,0
32.3,0.980888,-0.337963,0
32.35,0.980967,-0.337936,0
32.4,0.981046,-0.337909,0
32.45,0.981124,-0.337881,0
32.5,0.981201,-0.337854,0
32.55,0.981278,-0.337826,0
32.6,0.981354,-0.337798,0
32.65,0.981429,-0.337769,0
32.7,0.981504,-0.337741,0
32.75,0.981578,-0.337712,0
32.8,0.981652,-0.337683,0
32.85,0.981724,-0.337654,0
32.9,0.981797,-0.337624,0
32.95,0.981868,-0.337595,0
33,0.981939,-0.337565,0
33.05,0.982009,-0.337535,0
33.1,0.982079,-0.337504,0
33.15,0.982148,-0.337474,0
33.2,0.982216,-0.337443,0
33.25,0.982284,-0.337412,0
33.3,0.982351,-0.337381,0
33.35,0.982417,-0.337349,0
33.4,0.982483,-0.337318,0
33.45,0.982548,-0.337286,0
33.5,0.982612,-0.337254,0
33.55,0.982676,-0.337221,0
33.6,0.982739,-0.337189,0
33.65,0.982801,-0.337156,0
33.7,0.982863,-0.337123,0
33.75,0.982924,-0.33709,0
33.8,0.982985,-0.337056,0
33.85,0.983045,-0.337023,0
33.9,0.983104,-0.336989,0
33.95,0.983163,-0.336955,0
34,0.983221,-0.33692,0
34.05,0.983278,-0.336886,0
34.1,0.983334,-0.336851,0
34.15,0.98339,-0.336816,0
34.2,0.983446,-0.336781,0
34.25,0.983501,-0.336745,0
34.3,0.983555,-0.33671,0
34.35,0.983608,-0.336674,0
34.4,0.983661,-0.336638,0
34.45,0.983713,-0.336602,0
34.5,0.983764,-0.336565,0
34.55,0.983815,-0.336528,0
34.6,0.983865,-0.336491,0
34.65,0.983915,-0.336454,0
34.7,0.983964,-0.336417,0
34.75,0.984012,-0.336379,0
34.8,0.98406,-0.336341,0
34.85,0.984107,-0.336303,0
34.9,0.984153,-0.336265,0
34.95,0.984199,-0.336226,0
35,0.984244,-0.336187,0
35.05,0.984288,-0.336148,0
35.1,0.984332,-0.336109,0
35.15,0.984375,-0.33607,0
35.2,0.984417,-0.33603,0
35.25,0.984459,-0.33599,0
35.3,0.9845,-0.33595,0
35.35,0.984541,-0.33591,0
35.4,0.984581,-0.33587,0
35.45,0.98462,-0.335829,0
35.5,0.984658,-0.335788,0
35.55,0.984696,-0.335747,0
35.6,0.984734,-0.335705,0
35.65,0.98477,-0.335664,0
35.7,0.984806,-0.335622,0
35.75,0.984842,-0.33558,0
35.8,0.984876,-0.335538,0
35.85,0.98491,-0.335495,0
35.9,0.984944,-0.335452,0
35.95,0.984977,-0.33541,0
36,0.985009,-0.335366,0
36.05,0.98504,-0.335323,0
36.1,0.985071,-0.335279,0
36.15,0.985101,-0.335236,0
36.2,0.985131,-0.335192,0
36.25,0.98516,-0.335147,0
36.3,0.985188,-0.335103,0
36.35,0.985216,-0.335058,0
36.4,0.985243,-0.335013,0
36.45,0.985269,-0.334968,0
36.5,0.985295,-0.334923,0
36.55,0.98532,-0.334877,0
36.6,0.985344,-0.334832,0
36.65,0.985368,-0.334786,0
36.7,0.985391,-0.334739,0
36.75,0.985413,-0.334693,0
36.8,0.985435,-0.334646,0
36.85,0.985456,-0.334599,0
36.9,0.985477,-0.334552,0
36.95,0.985497,-0.334505,0
37,0.985516,-0.334457,0
37.05,0.985534,-0.33441,0
37.1,0.985552,-0.334362,0
37.15,0.98557,-0.334314,0
37.2,0.985586,-0.334265,0
37.25,0.985602,-0.334217,0
37.3,0.985618,-0.334168,0
37.35,0.985632,-0.334119,0
37.4,0.985647,-0.334069,0
37.45,0.98566,-0.33402,0
37.5,0.985673,-0.33397,0
37.55,0.985685,-0.33392,0
37.6,0.985696,-0.33387,0
37.65,0.985707,-0.33382,0
37.7,0.985717,-0.333769,0
37.75,0.985727,-0.333718,0
37.8,0.985736,-0.333667,0
37.85,0.985744,-0.333616,0
37.9,0.985752,-0.333565,0
37.95,0.985759,-0.333513,0
38,0.985765,-0.333461,0
38.05,0.985771,-0.333409,0
38.1,0.985776,-0.333357,0
38.15,0.98578,-0.333304,0
38.2,0.985784,-0.333251,0
38.25,0.985787,-0.333198,0
38.3,0.98579,-0.333145,0
38.35,0.985791,-0.333092,0
38.4,0.985793,-0.333038,0
38.45,0.985793,-0.332984,0
38.5,0.985793,-0.33293,0
38.55,0.985792,-0.332876,0
38.6,0.985791,-0.332821,0
38.65,0.985789,-0.332767,0
38.7,0.985786,-0.332712,0
38.75,0.985783,-0.332656,0
38.8,0.985779,-0.332601,0
38.85,0.985774,-0.332545,0
38.9,0.985769,-0.33249,0
38.95,0.985763,-0.332434,0
39,0.985756,-0.332377,0
39.05,0.985749,-0.332321,0
39.1,0.985741,-0.332264,0
39.15,0.985733,-0.332207,0
39.2,0.985724,-0.33215,0
39.25,0.985714,-0.332093,0
39.3,0.985703,-0.332035,0
39.35,0.985692,-0.331977,0
39.4,0.98568,-0.331919,0
39.45,0.985668,-0.331861,0
39.5,0.985655,-0.331803,0
39.55,0.985641,-0.331744,0
39.6,0.985627,-0.331685,0
39.65,0.985612,-0.331626,0
39.7,0.985596,-0.331567,0
39.75,0.98558,-0.331507,0
39.8,0.985563,-0.331448,0
39.85,0.985546,-0.331388,0
39.9,0.985528,-0.331328,0
39.95,0.985509,-0.331267,0
40,0.985489,-0.331207,0
40.05,0.985469,-0.331146,0
40.1,0.985448,-0.331085,0
40.15,0.985427,-0.331023,0
40.2,0.985405,-0.330962,0
40.25,0.985382,-0.3309,0
40.3,0.985359,-0.330838,0
40.35,0.985335,-0.330776,0
40.4,0.98531,-0.330714,0
40.45,0.985285,-0.330651,0
40.5,0.985259,-0.330588,0
40.55,0.985232,-0.330525,0
40.6,0.985205,-0.330462,0
40.65,0.985177,-0.330399,0
40.7,0.985148,-0.330335,0
40.75,0.985119,-0.330271,0
40.8,0.985089,-0.330207,0
40.85,0.985059,-0.330143,0
40.9,0.985028,-0.330078,0
40.95,0.984996,-0.330014,0
41,0.984963,-0.329949,0
41.05,0.98493,-0.329884,0
41.1,0.984897,-0.329818,0
41.15,0.984862,-0.329753,0
41.2,0.984827,-0.329687,0
41.25,0.984791,-0.329621,0
41.3,0.984755,-0.329554,0
41.35,0.984718,-0.329488,0
41.4,0.98468,-0.329421,0
41.45,0.984642,-0.329354,0
41.5,0.984603,-0.329287,0
41.55,0.984564,-0.32922,0
41.6,0.984523,-0.329152,0
41.65,0.984483,-0.329085,0
41.7,0.984441,-0.329017,0
41.75,0.984399,-0.328948,0
41.8,0.984356,-0.32888,0
41.85,0.984313,-0.328811,0
41.9,0.984268,-0.328743,0
41.95,0.984224,-0.328673,0
42,0.984178,-0.328604,0
42.05,0.984132,-0.328535,0
42.1,0.984085,-0.328465,0
42.15,0.984038,-0.328395,0
42.2,0.98399,-0.328325,0
42.25,0.983941,-0.328254,0
42.3,0.983892,-0.328184,0
42.35,0.983842,-0.328113,0
42.4,0.983792,-0.328042,0
42.45,0.98374,-0.327971,0
42.5,0.983688,-0.327899,0
42.55,0.983636,-0.327828,0
42.6,0.983583,-0.327756,0
42.65,0.983529,-0.327684,0
42.7,0.983474,-0.327611,0
42.75,0.983419,-0.327539,0
42.8,0.983363,-0.327466,0
42.85,0.983307,-0.327393,0
42.9,0.98325,-0.32732,0
42.95,0.983192,-0.327246,0
43,0.983133,-0.327173,0
43.05,0.983074,-0.327099,0
43.1,0.983014,-0.327025,0
43.15,0.982954,-0.326951,0
43.2,0.982893,-0.326876,0
43.25,0.982831,-0.326801,0
43.3,0.982769,-0.326726,0
43.35,0.982706,-0.326651,0
43.4,0.982642,-0.326576,0
43.45,0.982578,-0.3265,0
43.5,0.982513,-0.326425,0
43.55,0.982447,-0.326349,0
43.6,0.982381,-0.326272,0
43.65,0.982314,-0.326196,0
43.7,0.982247,-0.326119,0
43.75,0.982178,-0.326042,0
43.8,0.98211,-0.325965,0
43.85,0.98204,-0.325888,0
43.9,0.98197,-0.32581,0
43.95,0.981899,-0.325733,0
44,0.981828,-0.325655,0
44.05,0.981755,-0.325576,0
44.1,0.981683,-0.325498,0
44.15,0.981609,-0.325419,0
44.2,0.981535,-0.325341,0
44.25,0.98146,-0.325262,0
44.3,0.981385,-0.325182,0
44.35,0.981309,-0.325103,0
44.4,0.981232,-0.325023,0
44.45,0.981155,-0.324943,0
44.5,0.981077,-0.324863,0
44.55,0.980998,-0.324783,0
44.6,0.980919,-0.324702,0
44.65,0.980839,-0.324621,0
44.7,0.980758,-0.32454,0
44.75,0.980677,-0.324459,0
44.8,0.980595,-0.324378,0
44.85,0.980512,-0.324296,0
44.9,0.980429,-0.324214,0
44.95,0.980345,-0.324132,0
45,0.98026,-0.32405,0
45.05,0.980175,-0.323967,0
45.1,0.980089,-0.323884,0
45.15,0.980002,-0.323801,0
45.2,0.979915,-0.323718,0
45.25,0.979827,-0.323635,0
45.3,0.979739,-0.323551,0
45.35,0.97965,-0.323467,0
45.4,0.97956,-0.323383,0
45.45,0.979469,-0.323299,0
45.5,0.979378,-0.323215,0
45.55,0.979286,-0.32313,0
45.6,0.979194,-0.323045,0
45.65,0.979101,-0.32296,0
45.7,0.979007,-0.322875,0
45.75,0.978912,-0.322789,0
45.8,0.978817,-0.322703,0
45.85,0.978721,-0.322617,0
45.9,0.978625,-0.322531,0
45.95,0.978528,-0.322445,0
46,0.97843,-0.322358,0
46.05,0.978332,-0.322271,0
46.1,0.978232,-0.322184,0
46.15,0.978133,-0.322097,0
46.2,0.978032,-0.322009,0
46.25,0.977931,-0.321921,0
46.3,0.97783,-0.321833,0
46.35,0.977727,-0.321745,0
46.4,0.977624,-0.321657,0
46.45,0.97752,-0.321568,0
46.5,0.977416,-0.321479,0
46.55,0.977311,-0.32139,0
46.6,0.977205,-0.321301,0
46.65,0.977099,-0.321212,0
46.7,0.976992,-0.321122,0
46.75,0.976884,-0.321032,0
46.8,0.976776,-0.320942,0
46.85,0.976667,-0.320851,0
46.9,0.976557,-0.320761,0
46.95,0.976447,-0.32067,0
47,0.976336,-0.320579,0
47.05,0.976224,-0.320488,0
47.1,0.976112,-0.320396,0
47.15,0.975999,-0.320305,0
47.2,0.975885,-0.320213,0
47.25,0.975771,-0.320121,0
47.3,0.975656,-0.320028,0
47.35,0.97554,-0.319936,0
47.4,0.975424,-0.319843,0
47.45,0.975307,-0.31975,0
47.5,0.975189,-0.319657,0
47.55,0.975071,-0.319564,0
47.6,0.974952,-0.31947,0
47.65,0.974832,-0.319376,0
47.7,0.974712,-0.319282,0
47.75,0.974591,-0.319188,0
47.8,0.974469,-0.319093,0
47.85,0.974347,-0.318999,0
47.9,0.974224,-0.318904,0
47.95,0.974101,-0.318808,0
48,0.973976,-0.318713,0
48.05,0.973851,-0.318618,0
48.1,0.973726,-0.318522,0
48.15,0.973599,-0.318426,0
48.2,0.973472,-0.318329,0
48.25,0.973345,-0.318233,0
48.3,0.973216,-0.318136,0
48.35,0.973087,-0.318039,0
48.4,0.972958,-0.317942,0
48.45,0.972827,-0.317845,0
48.5,0.972696,-0.317747,0
48.55,0.972565,-0.31765,0
48.6,0.972432,-0.317552,0
48.65,0.972299,-0.317453,0
48.7,0.972166,-0.317355,0
48.75,0.972031,-0.317256,0
48.8,0.971896,-0.317157,0
48.85,0.971761,-0.317058,0
48.9,0.971624,-0.316959,0
48.95,0.971487,-0.31686,0
49,0.97135,-0.31676,0
49.05,0.971211,-0.31666,0
49.1,0.971072,-0.31656,0
49.15,0.970933,-0.316459,0
49.2,0.970792,-0.316359,0
49.25,0.970651,-0.316258,0
49.3,0.970509,-0.316157,0
49.35,0.970367,-0.316055,0
49.4,0.970224,-0.315954,0
49.45,0.97008,-0.315852,0
49.5,0.969936,-0.31575,0
49.55,0.969791,-0.315648,0
49.6,0.969645,-0.315546,0
49.65,0.969498,-0.315443,0
49.7,0.969351,-0.31534,0
49.75,0.969203,-0.315237,0
49.8,0.969055,-0.315134,0
49.85,0.968906,-0.315031,0
49.9,0.968756,-0.314927,0
49.95,0.968606,-0.314823,0
50,0.968454,-0.314719,0
50.05,0.968303,-0.314615,0
50.1,0.96815,-0.31451,0
50.15,0.967997,-0.314405,0
50.2,0.967843,-0.3143,0
50.25,0.967688,-0.314195,0
50.3,0.967533,-0.314089,0
50.35,0.967377,-0.313984,0
50.4,0.967221,-0.313878,0
50.45,0.967063,-0.313772,0
50.5,0.966905,-0.313665,0
50.55,0.966747,-0.313559,0
50.6,0.966587,-0.313452,0
50.65,0.966427,-0.313345,0
50.7,0.966267,-0.313238,0
50.75,0.966105,-0.31313,0
50.8,0.965943,-0.313023,0
50.85,0.965781,-0.312915,0
50.9,0.965617,-0.312807,0
50.95,0.965453,-0.312699,0
51,0.965289,-0.31259,0
51.05,0.965123,-0.312481,0
51.1,0.964957,-0.312372,0
51.15,0.96479,-0.312263,0
51.2,0.964623,-0.312154,0
51.25,0.964455,-0.312044,0
51.3,0.964286,-0.311934,0
51.35,0.964116,-0.311824,0
51.4,0.963946,-0.311714,0
51.45,0.963775,-0.311603,0
51.5,0.963604,-0.311492,0
51.55,0.963431,-0.311382,0
51.6,0.963258,-0.31127,0
51.65,0.963085,-0.311159,0
51.7,0.96291,-0.311047,0
51.75,0.962735,-0.310935,0
51.8,0.96256,-0.310823,0
51.85,0.962383,-0.310711,0
51.9,0.962206,-0.310599,0
51.95,0.962028,-0.310486,0
52,0.96185,-0.310373,0
52.05,0.961671,-0.31026,0
52.1,0.961491,-0.310146,0
52.15,0.961311,-0.310033,0
52.2,0.961129,-0.309919,0
52.25,0.960948,-0.309805,0
52.3,0.960765,-0.30969,0
52.35,0.960582,-0.309576,0
52.4,0.960398,-0.309461,0
52.45,0.960213,-0.309346,0
52.5,0.960028,-0.309231,0
52.55,0.959842,-0.309116,0
52.6,0.959655,-0.309,0
52.65,0.959468,-0.308884,0
52.7,0.95928,-0.308768,0
52.75,0.959091,-0.308652,0
52.8,0.958902,-0.308535,0
52.85,0.958711,-0.308419,0
52.9,0.958521,-0.308302,0
52.95,0.958329,-0.308184,0
53,0.958137,-0.308067,0
53.05,0.957944,-0.307949,0
53.1,0.95775,-0.307832,0
53.15,0.957556,-0.307713,0
53.2,0.957361,-0.307595,0
53.25,0.957165,-0.307477,0
53.3,0.956969,-0.307358,0
53.35,0.956772,-0.307239,0
53.4,0.956574,-0.30712,0
53.45,0.956375,-0.307,0
53.5,0.956176,-0.306881,0
53.55,0.955976,-0.306761,0
53.6,0.955776,-0.306641,0
53.65,0.955575,-0.30652,0
53.7,0.955373,-0.3064,0
53.75,0.95517,-0.306279,0
53.8,0.954967,-0.306158,0
53.85,0.954763,-0.306037,0
53.9,0.954558,-0.305916,0
53.95,0.954352,-0.305794,0
54,0.954146,-0.305672,0
54.05,0.953939,-0.30555,0
54.1,0.953732,-0.305428,0
54.15,0.953524,-0.305305,0
54.2,0.953315,-0.305182,0
54.25,0.953105,-0.305059,0
54.3,0.952895,-0.304936,0
54.35,0.952683,-0.304813,0
54.4,0.952472,-0.304689,0
54.45,0.952259,-0.304565,0
54.5,0.952046,-0.304441,0
54.55,0.951832,-0.304317,0
54.6,0.951618,-0.304192,0
54.65,0.951402,-0.304067,0
54.7,0.951186,-0.303942,0
54.75,0.95097,-0.303817,0
54.8,0.950752,-0.303691,0
54.85,0.950534,-0.303566,0
54.9,0.950315,-0.30344,0
54.95,0.950096,-0.303314,0
55,0.949876,-0.303187,0
55.05,0.949655,-0.303061,0
55.1,0.949433,-0.302934,0
55.15,0.949211,-0.302807,0
55.2,0.948988,-0.30268,0
55.25,0.948764,-0.302552,0
55.3,0.94854,-0.302424,0
55.35,0.948314,-0.302296,0
55.4,0.948089,-0.302168,0
55.45,0.947862,-0.30204,0
55.5,0.947635,-0.301911,0
55.55,0.947407,-0.301782,0
55.6,0.947178,-0.301653,0
55.65,0.946949,-0.301524,0
55.7,0.946718,-0.301394,0
55.75,0.946488,-0.301265,0
55.8,0.946256,-0.301135,0
55.85,0.946024,-0.301004,0
55.9,0.945791,-0.300874,0
55.95,0.945557,-0.300743,0
56,0.945323,-0.300612,0
56.05,0.945087,-0.300481,0
56.1,0.944852,-0.30035,0
56.15,0.944615,-0.300218,0
56.2,0.944378,-0.300087,0
56.25,0.94414,-0.299955,0
56.3,0.943901,-0.299822,0
56.35,0.943662,-0.29969,0
56.4,0.943422,-0.299557,0
56.45,0.943181,-0.299424,0
56.5,0.942939,-0.299291,0
56.55,0.942697,-0.299158,0
56.6,0.942454,-0.299024,0
56.65,0.94221,-0.29889,0
56.7,0.941966,-0.298756,0
56.75,0.94172,-0.298622,0
56.8,0.941475,-0.298487,0
56.85,0.941228,-0.298352,0
56.9,0.940981,-0.298217,0
56.95,0.940733,-0.298082,0
57,0.940484,-0.297947,0
57.05,0.940234,-0.297811,0
57.1,0.939984,-0.297675,0
57.15,0.939733,-0.297539,0
57.2,0.939481,-0.297403,0
57.25,0.939229,-0.297266,0
57.3,0.938976,-0.297129,0
57.35,0.938722,-0.296992,0
57.4,0.938467,-0.296855,0
57.45,0.938212,-0.296717,0
57.5,0.937956,-0.29658,0
57.55,0.937699,-0.296442,0
57.6,0.937442,-0.296303,0
57.65,0.937184,-0.296165,0
57.7,0.936925,-0.296026,0
57.75,0.936665,-0.295887,0
57.8,0.936405,-0.295748,0
57.85,0.936144,-0.295609,0
57.9,0.935882,-0.295469,0
57.95,0.935619,-0.295329,0
58,0.935356,-0.295189,0
58.05,0.935092,-0.295049,0
58.1,0.934827,-0.294909,0
58.15,0.934562,-0.294768,0
58.2,0.934295,-0.294627,0
58.25,0.934028,-0.294486,0
58.3,0.933761,-0.294344,0
58.35,0.933492,-0.294203,0
58.4,0.933223,-0.294061,0
58.45,0.932953,-0.293919,0
58.5,0.932683,-0.293776,0
58.55,0.932411,-0.293634,0
58.6,0.932139,-0.293491,0
58.65,0.931866,-0.293348,0
58.7,0.931593,-0.293204,0
58.75,0.931318,-0.293061,0
58.8,0.931043,-0.292917,0
58.85,0.930767,-0.292773,0
58.9,0.930491,-0.292629,0
58.95,0.930214,-0.292485,0
59,0.929936,-0.29234,0
59.05,0.929657,-0.292195,0
59.1,0.929377,-0.29205,0
59.15,0.929097,-0.291904,0
59.2,0.928816,-0.291759,0
59.25,0.928534,-0.291613,0
59.3,0.928252,-0.291467,0
59.35,0.927969,-0.291321,0
59.4,0.927685,-0.291174,0
59.45,0.9274,-0.291027,0
59.5,0.927115,-0.29088,0
59.55,0.926829,-0.290733,0
59.6,0.926542,-0.290585,0
59.65,0.926254,-0.290438,0
59.7,0.925965,-0.29029,0
59.75,0.925676,-0.290142,0
59.8,0.925386,-0.289993,0
59.85,0.925096,-0.289845,0
59.9,0.924804,-0.289696,0
59.95,0.924512,-0.289547,0
60,0.924219,-0.289397,0
60.05,0.923926,-0.289248,0
60.1,0.923631,-0.289098,0
60.15,0.923336,-0.288948,0
60.2,0.92304,-0.288797,0
60.25,0.922743,-0.288647,0
60.3,0.922446,-0.288496,0
60.35,0.922148,-0.288345,0
60.4,0.921849,-0.288194,0
60.45,0.921549,-0.288042,0
60.5,0.921249,-0.287891,0
60.55,0.920947,-0.287739,0
60.6,0.920646,-0.287586,0
60.65,0.920343,-0.287434,0
60.7,0.920039,-0.287281,0
60.75,0.919735,-0.287128,0
60.8,0.91943,-0.286975,0
60.85,0.919124,-0.286822,0
60.9,0.918818,-0.286668,0
60.95,0.918511,-0.286515,0
61,0.918203,-0.28636,0
61.05,0.917894,-0.286206,0
61.1,0.917584,-0.286052,0
61.15,0.917274,-0.285897,0
61.2,0.916963,-0.285742,0
61.25,0.916651,-0.285586,0
61.3,0.916338,-0.285431,0
61.35,0.916025,-0.285275,0
61.4,0.915711,-0.285119,0
61.45,0.915396,-0.284963,0
61.5,0.91508,-0.284807,0
61.55,0.914764,-0.28465,0
61.6,0.914447,-0.284493,0
61.65,0.914129,-0.284336,0
61.7,0.91381,-0.284178,0
61.75,0.913491,-0.284021,0
61.8,0.91317,-0.283863,0
61.85,0.912849,-0.283705,0
61.9,0.912527,-0.283546,0
61.95,0.912205,-0.283388,0
62,0.911882,-0.283229,0
62.05,0.911557,-0.28307,0
62.1,0.911233,-0.28291,0
62.15,0.910907,-0.282751,0
62.2,0.91058,-0.282591,0
62.25,0.910253,-0.282431,0
62.3,0.909925,-0.282271,0
62.35,0.909596,-0.28211,0
62.4,0.909267,-0.281949,0
62.45,0.908937,-0.281788,0
62.5,0.908605,-0.281627,0
62.55,0.908274,-0.281466,0
62.6,0.907941,-0.281304,0
62.65,0.907607,-0.281142,0
62.7,0.907273,-0.28098,0
62.75,0.906938,-0.280817,0
62.8,0.906602,-0.280654,0
62.85,0.906266,-0.280491,0
62.9,0.905929,-0.280328,0
62.95,0.90559,-0.280165,0
63,0.905251,-0.280001,0
63.05,0.904912,-0.279837,0
63.1,0.904571,-0.279673,0
63.15,0.90423,-0.279509,0
63.2,0.903888,-0.279344,0
63.25,0.903545,-0.279179,0
63.3,0.903201,-0.279014,0
63.35,0.902857,-0.278849,0
63.4,0.902512,-0.278683,0
63.45,0.902166,-0.278517,0
63.5,0.901819,-0.278351,0
63.55,0.901471,-0.278185,0
63.6,0.901123,-0.278018,0
63.65,0.900774,-0.277851,0
63.7,0.900424,-0.277684,0
63.75,0.900073,-0.277517,0
63.8,0.899722,-0.277349,0
63.85,0.899369,-0.277181,0
63.9,0.899016,-0.277013,0
63.95,0.898662,-0.276845,0
64,0.898307,-0.276676,0
64.05,0.897952,-0.276508,0
64.1,0.897596,-0.276339,0
64.15,0.897238,-0.276169,0
64.2,0.896881,-0.276,0
64.25,0.896522,-0.27583,0
64.3,0.896162,-0.27566,0
64.35,0.895802,-0.27549,0
64.4,0.895441,-0.275319,0
64.45,0.895079,-0.275148,0
64.5,0.894716,-0.274977,0
64.55,0.894353,-0.274806,0
64.6,0.893988,-0.274635,0
64.65,0.893623,-0.274463,0
64.7,0.893257,-0.274291,0
64.75,0.89289,-0.274118,0
64.8,0.892523,-0.273946,0
64.85,0.892154,-0.273773,0
64.9,0.891785,-0.2736,0
64.95,0.891415,-0.273427,0
65,0.891044,-0.273253,0
65.05,0.890673,-0.27308,0
65.1,0.8903,-0.272906,0
65.15,0.889927,-0.272731,0
65.2,0.889553,-0.272557,0
65.25,0.889178,-0.272382,0
65.3,0.888802,-0.272207,0
65.35,0.888426,-0.272032,0
65.4,0.888048,-0.271856,0
65.45,0.88767,-0.271681,0
65.5,0.887291,-0.271505,0
65.55,0.886912,-0.271328,0
65.6,0.886531,-0.271152,0
65.65,0.88615,-0.270975,0
65.7,0.885767,-0.270798,0
65.75,0.885384,-0.270621,0
65.8,0.885,-0.270443,0
65.85,0.884616,-0.270266,0
65.9,0.88423,-0.270088,0
65.95,0.883844,-0.269909,0
66,0.883456,-0.269731,0
66.05,0.883068,-0.269552,0
66.1,0.88268,-0.269373,0
66.15,0.88229,-0.269194,0
66.2,0.881899,-0.269014,0
66.25,0.881508,-0.268834,0
66.3,0.881116,-0.268654,0
66.35,0.880723,-0.268474,0
66.4,0.880329,-0.268294,0
66.45,0.879934,-0.268113,0
66.5,0.879539,-0.267932,0
66.55,0.879143,-0.26775,0
66.6,0.878745,-0.267569,0
66.65,0.878347,-0.267387,0
66.7,0.877949,-0.267205,0
66.75,0.877549,-0.267023,0
66.8,0.877148,-0.26684,0
66.85,0.876747,-0.266657,0
66.9,0.876345,-0.266474,0
66.95,0.875942,-0.266291,0
67,0.875538,-0.266107,0
67.05,0.875133,-0.265923,0
67.1,0.874728,-0.265739,0
67.15,0.874321,-0.265555,0
67.2,0.873914,-0.26537,0
67.25,0.873506,-0.265185,0
67.3,0.873097,-0.265,0
67.35,0.872687,-0.264815,0
67.4,0.872276,-0.264629,0
67.45,0.871865,-0.264443,0
67.5,0.871453,-0.264257,0
67.55,0.871039,-0.264071,0
67.6,0.870625,-0.263884,0
67.65,0.87021,-0.263697,0
67.7,0.869795,-0.26351,0
67.75,0.869378,-0.263322,0
67.8,0.868961,-0.263135,0
67.85,0.868542,-0.262947,0
67.9,0.868123,-0.262758,0
67.95,0.867703,-0.26257,0
68,0.867282,-0.262381,0
68.05,0.86686,-0.262192,0
68.1,0.866438,-0.262003,0
68.15,0.866014,-0.261813,0
68.2,0.86559,-0.261624,0
68.25,0.865165,-0.261433,0
68.3,0.864739,-0.261243,0
68.35,0.864312,-0.261053,0
68.4,0.863884,-0.260862,0
68.45,0.863455,-0.260671,0
68.5,0.863026,-0.260479,0
68.55,0.862595,-0.260288,0
68.6,0.862164,-0.260096,0
68.65,0.861732,-0.259904,0
68.7,0.861299,-0.259711,0
68.75,0.860865,-0.259518,0
68.8,0.86043,-0.259326,0
68.85,0.859995,-0.259132,0
68.9,0.859558,-0.258939,0
68.95,0.859121,-0.258745,0
69,0.858683,-0.258551,0
69.05,0.858243,-0.258357,0
69.1,0.857803,-0.258162,0
69.15,0.857363,-0.257967,0
69.2,0.856921,-0.257772,0
69.25,0.856478,-0.257577,0
69.3,0.856035,-0.257382,0
69.35,0.85559,-0.257186,0
69.4,0.855145,-0.25699,0
69.45,0.854699,-0.256793,0
69.5,0.854252,-0.256596,0
69.55,0.853804,-0.2564,0
69.6,0.853355,-0.256202,0
69.65,0.852905,-0.256005,0
69.7,0.852454,-0.255807,0
69.75,0.852003,-0.255609,0
69.8,0.85155,-0.255411,0
69.85,0.851097,-0.255212,0
69.9,0.850643,-0.255014,0
69.95,0.850188,-0.254815,0
70,0.849732,-0.254615,0
70.05,0.849275,-0.254416,0
70.1,0.848817,-0.254216,0
70.15,0.848358,-0.254016,0
70.2,0.847899,-0.253815,0
70.25,0.847438,-0.253614,0
70.3,0.846977,-0.253414,0
70.35,0.846514,-0.253212,0
70.4,0.846051,-0.253011,0
70.45,0.845587,-0.252809,0
70.5,0.845122,-0.252607,0
70.55,0.844656,-0.252405,0
70.6,0.844189,-0.252202,0
70.65,0.843721,-0.251999,0
70.7,0.843253,-0.251796,0
70.75,0.842783,-0.251593,0
70.8,0.842313,-0.251389,0
70.85,0.841841,-0.251185,0
70.9,0.841369,-0.250981,0
70.95,0.840896,-0.250776,0
71,0.840422,-0.250572,0
71.05,0.839946,-0.250367,0
71.1,0.83947,-0.250161,0
71.15,0.838994,-0.249956,0
71.2,0.838516,-0.24975,0
71.25,0.838037,-0.249544,0
71.3,0.837557,-0.249337,0
71.35,0.837077,-0.249131,0
71.4,0.836595,-0.248924,0
71.45,0.836113,-0.248716,0
71.5,0.835629,-0.248509,0
71.55,0.835145,-0.248301,0
71.6,0.83466,-0.248093,0
71.65,0.834173,-0.247885,0
71.7,0.833686,-0.247676,0
71.75,0.833198,-0.247467,0
71.8,0.832709,-0.247258,0
71.85,0.832219,-0.247049,0
71.9,0.831728,-0.246839,0
71.95,0.831237,-0.246629,0
72,0.830744,-0.246419,0
72.05,0.83025,-0.246208,0
72.1,0.829755,-0.245997,0
72.15,0.82926,-0.245786,0
72.2,0.828763,-0.245575,0
72.25,0.828266,-0.245363,0
72.3,0.827767,-0.245151,0
72.35,0.827268,-0.244939,0
72.4,0.826768,-0.244726,0
72.45,0.826266,-0.244513,0
72.5,0.825764,-0.2443,0
72.55,0.825261,-0.244087,0
72.6,0.824757,-0.243873,0
72.65,0.824252,-0.243659,0
72.7,0.823746,-0.243445,0
72.75,0.823239,-0.24323,0
72.8,0.822731,-0.243016,0
72.85,0.822222,-0.242801,0
72.9,0.821712,-0.242585,0
72.95,0.821201,-0.24237,0
73,0.820689,-0.242154,0
73.05,0.820176,-0.241937,0
73.1,0.819663,-0.241721,0
73.15,0.819148,-0.241504,0
73.2,0.818632,-0.241287,0
73.25,0.818116,-0.24107,0
73.3,0.817598,-0.240852,0
73.35,0.817079,-0.240634,0
73.4,0.81656,-0.240416,0
73.45,0.816039,-0.240197,0
73.5,0.815518,-0.239979,0
73.55,0.814995,-0.23976,0
73.6,0.814472,-0.23954,0
73.65,0.813947,-0.23932,0
73.7,0.813422,-0.239101,0
73.75,0.812895,-0.23888,0
73.8,0.812368,-0.23866,0
73.85,0.811839,-0.238439,0
73.9,0.81131,-0.238218,0
73.95,0.81078,-0.237996,0
74,0.810248,-0.237775,0
74.05,0.809716,-0.237553,0
74.1,0.809182,-0.23733,0
74.15,0.808648,-0.237108,0
74.2,0.808113,-0.236885,0
74.25,0.807576,-0.236662,0
74.3,0.807039,-0.236438,0
74.35,0.806501,-0.236215,0
74.4,0.805961,-0.235991,0
74.45,0.805421,-0.235766,0
74.5,0.80488,-0.235542,0
74.55,0.804337,-0.235317,0
74.6,0.803794,-0.235092,0
74.65,0.803249,-0.234866,0
74.7,0.802704,-0.23464,0
74.75,0.802158,-0.234414,0
74.8,0.80161,-0.234188,0
74.85,0.801062,-0.233961,0
74.9,0.800512,-0.233734,0
74.95,0.799962,-0.233507,0
75,0.79941,-0.233279,0
75.05,0.798858,-0.233051,0
75.1,0.798304,-0.232823,0
75.15,0.79775,-0.232595,0
75.2,0.797194,-0.232366,0
75.25,0.796637,-0.232137,0
75.3,0.79608,-0.231908,0
75.35,0.795521,-0.231678,0
75.4,0.794961,-0.231448,0
75.45,0.7944,-0.231218,0
75.5,0.793839,-0.230987,0
75.55,0.793276,-0.230756,0
75.6,0.792712,-0.230525,0
75.65,0.792147,-0.230294,0
75.7,0.791581,-0.230062,0
75.75,0.791014,-0.22983,0
75.8,0.790446,-0.229597,0
75.85,0.789877,-0.229365,0
75.9,0.789307,-0.229132,0
75.95,0.788736,-0.228898,0
76,0.788164,-0.228665,0
76.05,0.78759,-0.228431,0
76.1,0.787016,-0.228197,0
76.15,0.786441,-0.227962,0
76.2,0.785864,-0.227727,0
76.25,0.785287,-0.227492,0
76.3,0.784708,-0.227257,0
76.35,0.784129,-0.227021,0
76.4,0.783548,-0.226785,0
76.45,0.782966,-0.226548,0
76.5,0.782383,-0.226312,0
76.55,0.781799,-0.226075,0
76.6,0.781215,-0.225837,0
76.65,0.780629,-0.2256,0
76.7,0.780041,-0.225362,0
76.75,0.779453,-0.225124,0
76.8,0.778864,-0.224885,0
76.85,0.778274,-0.224646,0
76.9,0.777682,-0.224407,0
76.95,0.77709,-0.224168,0
77,0.776496,-0.223928,0
77.05,0.775902,-0.223688,0
77.1,0.775306,-0.223447,0
77.15,0.774709,-0.223207,0
77.2,0.774111,-0.222966,0
77.25,0.773512,-0.222724,0
77.3,0.772912,-0.222483,0
77.35,0.772311,-0.222241,0
77.4,0.771709,-0.221998,0
77.45,0.771105,-0.221756,0
77.5,0.770501,-0.221513,0
77.55,0.769895,-0.22127,0
77.6,0.769288,-0.221026,0
77.65,0.768681,-0.220782,0
77.7,0.768072,-0.220538,0
77.75,0.767462,-0.220293,0
77.8,0.766851,-0.220049,0
77.85,0.766238,-0.219803,0
77.9,0.765625,-0.219558,0
77.95,0.76501,-0.219312,0
78,0.764395,-0.219066,0
78.05,0.763778,-0.21882,0
78.1,0.76316,-0.218573,0
78.15,0.762541,-0.218326,0
78.2,0.761921,-0.218078,0
78.25,0.7613,-0.217831,0
78.3,0.760678,-0.217583,0
78.35,0.760054,-0.217334,0
78.4,0.759429,-0.217085,0
78.45,0.758804,-0.216836,0
78.5,0.758177,-0.216587,0
78.55,0.757549,-0.216337,0
78.6,0.75692,-0.216087,0
78.65,0.756289,-0.215837,0
78.7,0.755658,-0.215586,0
78.75,0.755025,-0.215335,0
78.8,0.754391,-0.215084,0
78.85,0.753756,-0.214832,0
78.9,0.75312,-0.21458,0
78.95,0.752483,-0.214328,0
79,0.751845,-0.214076,0
79.05,0.751205,-0.213823,0
79.1,0.750564,-0.213569,0
79.15,0.749923,-0.213316,0
79.2,0.749279,-0.213062,0
79.25,0.748635,-0.212807,0
79.3,0.74799,-0.212553,0
79.35,0.747343,-0.212298,0
79.4,0.746696,-0.212043,0
79.45,0.746047,-0.211787,0
79.5,0.745397,-0.211531,0
79.55,0.744745,-0.211275,0
79.6,0.744093,-0.211018,0
79.65,0.743439,-0.210761,0
79.7,0.742784,-0.210504,0
79.75,0.742128,-0.210246,0
79.8,0.741471,-0.209988,0
79.85,0.740813,-0.20973,0
79.9,0.740153,-0.209471,0
79.95,0.739492,-0.209212,0
80,0.73883,-0.208953,0
80.05,0.738167,-0.208693,0
80.1,0.737503,-0.208433,0
80.15,0.736837,-0.208173,0
80.2,0.73617,-0.207912,0
80.25,0.735502,-0.207651,0
80.3,0.734833,-0.20739,0
80.35,0.734162,-0.207128,0
80.4,0.73349,-0.206866,0
80.45,0.732818,-0.206603,0
80.5,0.732143,-0.206341,0
80.55,0.731468,-0.206077,0
80.6,0.730791,-0.205814,0
80.65,0.730114,-0.20555,0
80.7,0.729434,-0.205286,0
80.75,0.728754,-0.205022,0
80.8,0.728073,-0.204757,0
80.85,0.72739,-0.204492,0
80.9,0.726706,-0.204226,0
80.95,0.72602,-0.20396,0
81,0.725334,-0.203694,0
81.05,0.724646,-0.203427,0
81.1,0.723957,-0.20316,0
81.15,0.723267,-0.202893,0
81.2,0.722575,-0.202625,0
81.25,0.721882,-0.202357,0
81.3,0.721188,-0.202089,0
81.35,0.720493,-0.20182,0
81.4,0.719796,-0.201551,0
81.45,0.719099,-0.201282,0
81.5,0.718399,-0.201012,0
81.55,0.717699,-0.200742,0
81.6,0.716997,-0.200471,0
81.65,0.716294,-0.2002,0
81.7,0.71559,-0.199929,0
81.75,0.714884,-0.199658,0
81.8,0.714178,-0.199386,0
81.85,0.713469,-0.199113,0
81.9,0.71276,-0.198841,0
81.95,0.712049,-0.198568,0
82,0.711337,-0.198294,0
82.05,0.710624,-0.198021,0
82.1,0.709909,-0.197746,0
82.15,0.709193,-0.197472,0
82.2,0.708476,-0.197197,0
82.25,0.707757,-0.196922,0
82.3,0.707037,-0.196646,0
82.35,0.706316,-0.19637,0
82.4,0.705594,-0.196094,0
82.45,0.70487,-0.195817,0
82.5,0.704145,-0.19554,0
82.55,0.703418,-0.195263,0
82.6,0.70269,-0.194985,0
82.65,0.701961,-0.194707,0
82.7,0.701231,-0.194428,0
82.75,0.700499,-0.19415,0
82.8,0.699765,-0.19387,0
82.85,0.699031,-0.193591,0
82.9,0.698295,-0.193311,0
82.95,0.697558,-0.19303,0
83,0.696819,-0.192749,0
83.05,0.696079,-0.192468,0
83.1,0.695338,-0.192187,0
83.15,0.694595,-0.191905,0
83.2,0.693851,-0.191623,0
83.25,0.693105,-0.19134,0
83.3,0.692359,-0.191057,0
83.35,0.69161,-0.190773,0
83.4,0.690861,-0.19049,0
83.45,0.69011,-0.190205,0
83.5,0.689357,-0.189921,0
83.55,0.688604,-0.189636,0
83.6,0.687848,-0.189351,0
83.65,0.687092,-0.189065,0
83.7,0.686334,-0.188779,0
83.75,0.685575,-0.188492,0
83.8,0.684814,-0.188205,0
83.85,0.684052,-0.187918,0
83.9,0.683288,-0.187631,0
83.95,0.682523,-0.187343,0
84,0.681757,-0.187054,0
84.05,0.680989,-0.186765,0
84.1,0.68022,-0.186476,0
84.15,0.679449,-0.186186,0
84.2,0.678677,-0.185896,0
84.25,0.677903,-0.185606,0
84.3,0.677128,-0.185315,0
84.35,0.676352,-0.185024,0
84.4,0.675574,-0.184733,0
84.45,0.674794,-0.184441,0
84.5,0.674014,-0.184148,0
84.55,0.673231,-0.183855,0
84.6,0.672448,-0.183562,0
84.65,0.671662,-0.183269,0
84.7,0.670876,-0.182975,0
84.75,0.670088,-0.18268,0
84.8,0.669298,-0.182386,0
84.85,0.668507,-0.18209,0
84.9,0.667714,-0.181795,0
84.95,0.66692,-0.181499,0
85,0.666125,-0.181202,0
85.05,0.665328,-0.180906,0
85.1,0.664529,-0.180608,0
85.15,0.663729,-0.180311,0
85.2,0.662928,-0.180013,0
85.25,0.662125,-0.179714,0
85.3,0.66132,-0.179416,0
85.35,0.660514,-0.179116,0
85.4,0.659706,-0.178817,0
85.45,0.658897,-0.178517,0
85.5,0.658087,-0.178216,0
85.55,0.657275,-0.177915,0
85.6,0.656461,-0.177614,0
85.65,0.655646,-0.177312,0
85.7,0.654829,-0.17701,0
85.75,0.65401,-0.176707,0
85.8,0.653191,-0.176404,0
85.85,0.652369,-0.176101,0
85.9,0.651546,-0.175797,0
85.95,0.650722,-0.175493,0
86,0.649895,-0.175188,0
86.05,0.649068,-0.174883,0
86.1,0.648238,-0.174578,0
86.15,0.647408,-0.174272,0
86.2,0.646575,-0.173965,0
86.25,0.645741,-0.173659,0
86.3,0.644905,-0.173351,0
86.35,0.644068,-0.173044,0
86.4,0.643229,-0.172736,0
86.45,0.642389,-0.172427,0
86.5,0.641547,-0.172118,0
86.55,0.640703,-0.171809,0
86.6,0.639858,-0.171499,0
86.65,0.639011,-0.171189,0
86.7,0.638162,-0.170878,0
86.75,0.637312,-0.170567,0
86.8,0.63646,-0.170255,0
86.85,0.635607,-0.169943,0
86.9,0.634752,-0.169631,0
86.95,0.633895,-0.169318,0
87,0.633037,-0.169005,0
87.05,0.632177,-0.168691,0
87.1,0.631315,-0.168377,0
87.15,0.630452,-0.168062,0
87.2,0.629587,-0.167747,0
87.25,0.62872,-0.167431,0
87.3,0.627851,-0.167115,0
87.35,0.626981,-0.166799,0
87.4,0.626109,-0.166482,0
87.45,0.625236,-0.166164,0
87.5,0.624361,-0.165847,0
87.55,0.623484,-0.165528,0
87.6,0.622605,-0.16521,0
87.65,0.621725,-0.16489,0
87.7,0.620843,-0.164571,0
87.75,0.619959,-0.164251,0
87.8,0.619073,-0.16393,0
87.85,0.618186,-0.163609,0
87.9,0.617297,-0.163288,0
87.95,0.616406,-0.162966,0
88,0.615514,-0.162643,0
88.05,0.61462,-0.162321,0
88.1,0.613724,-0.161997,0
88.15,0.612826,-0.161673,0
88.2,0.611926,-0.161349,0
88.25,0.611025,-0.161024,0
88.3,0.610122,-0.160699,0
88.35,0.609217,-0.160374,0
88.4,0.60831,-0.160047,0
88.45,0.607401,-0.159721,0
88.5,0.606491,-0.159394,0
88.55,0.605579,-0.159066,0
88.6,0.604665,-0.158738,0
88.65,0.603749,-0.15841,0
88.7,0.602831,-0.15808,0
88.75,0.601912,-0.157751,0
88.8,0.600991,-0.157421,0
88.85,0.600067,-0.157091,0
88.9,0.599142,-0.15676,0
88.95,0.598215,-0.156428,0
89,0.597287,-0.156096,0
89.05,0.596356,-0.155764,0
89.1,0.595424,-0.155431,0
89.15,0.594489,-0.155098,0
89.2,0.593553,-0.154764,0
89.25,0.592615,-0.154429,0
89.3,0.591675,-0.154094,0
89.35,0.590733,-0.153759,0
89.4,0.589789,-0.153423,0
89.45,0.588843,-0.153087,0
89.5,0.587895,-0.15275,0
89.55,0.586945,-0.152412,0
89.6,0.585994,-0.152075,0
89.65,0.58504,-0.151736,0
89.7,0.584085,-0.151397,0
89.75,0.583127,-0.151058,0
89.8,0.582168,-0.150718,0
89.85,0.581206,-0.150378,0
89.9,0.580243,-0.150037,0
89.95,0.579277,-0.149695,0
90,0.57831,-0.149353,0
90.05,0.577341,-0.149011,0
90.1,0.576369,-0.148668,0
90.15,0.575396,-0.148324,0
90.2,0.57442,-0.14798,0
90.25,0.573443,-0.147636,0
90.3,0.572463,-0.14729,0
90.35,0.571482,-0.146945,0
90.4,0.570498,-0.146599,0
90.45,0.569512,-0.146252,0
90.5,0.568525,-0.145905,0
90.55,0.567535,-0.145557,0
90.6,0.566543,-0.145209,0
90.65,0.565549,-0.14486,0
90.7,0.564553,-0.144511,0
90.75,0.563555,-0.144161,0
90.8,0.562554,-0.14381,0
90.85,0.561552,-0.143459,0
90.9,0.560547,-0.143108,0
90.95,0.559541,-0.142756,0
91,0.558532,-0.142403,0
91.05,0.557521,-0.14205,0
91.1,0.556508,-0.141696,0
91.15,0.555492,-0.141342,0
91.2,0.554475,-0.140987,0
91.25,0.553455,-0.140632,0
91.3,0.552433,-0.140276,0
91.35,0.551409,-0.13992,0
91.4,0.550383,-0.139563,0
91.45,0.549355,-0.139205,0
91.5,0.548324,-0.138847,0
91.55,0.547291,-0.138488,0
91.6,0.546256,-0.138129,0
91.65,0.545218,-0.137769,0
91.7,0.544179,-0.137408,0
91.75,0.543137,-0.137047,0
91.8,0.542092,-0.136686,0
91.85,0.541046,-0.136324,0
91.9,0.539997,-0.135961,0
91.95,0.538946,-0.135598,0
92,0.537892,-0.135234,0
92.05,0.536836,-0.134869,0
92.1,0.535778,-0.134504,0
92.15,0.534718,-0.134138,0
92.2,0.533655,-0.133772,0
92.25,0.53259,-0.133405,0
92.3,0.531522,-0.133038,0
92.35,0.530452,-0.13267,0
92.4,0.52938,-0.132301,0
92.45,0.528305,-0.131932,0
92.5,0.527228,-0.131562,0
92.55,0.526149,-0.131192,0
92.6,0.525067,-0.130821,0
92.65,0.523982,-0.130449,0
92.7,0.522895,-0.130077,0
92.75,0.521806,-0.129704,0
92.8,0.520714,-0.12933,0
92.85,0.51962,-0.128956,0
92.9,0.518523,-0.128581,0
92.95,0.517423,-0.128206,0
93,0.516322,-0.12783,0
93.05,0.515217,-0.127453,0
93.1,0.51411,-0.127076,0
93.15,0.513001,-0.126698,0
93.2,0.511889,-0.12632,0
93.25,0.510774,-0.125941,0
93.3,0.509657,-0.125561,0
93.35,0.508537,-0.12518,0
93.4,0.507415,-0.124799,0
93.45,0.506289,-0.124418,0
93.5,0.505162,-0.124035,0
93.55,0.504031,-0.123652,0
93.6,0.502898,-0.123269,0
93.65,0.501763,-0.122884,0
93.7,0.500624,-0.122499,0
93.75,0.499483,-0.122114,0
93.8,0.49834,-0.121727,0
93.85,0.497193,-0.12134,0
93.9,0.496044,-0.120953,0
93.95,0.494892,-0.120565,0
94,0.493737,-0.120176,0
94.05,0.49258,-0.119786,0
94.1,0.491419,-0.119396,0
94.15,0.490256,-0.119005,0
94.2,0.48909,-0.118613,0
94.25,0.487922,-0.118221,0
94.3,0.48675,-0.117827,0
94.35,0.485575,-0.117434,0
94.4,0.484398,-0.117039,0
94.45,0.483218,-0.116644,0
94.5,0.482035,-0.116248,0
94.55,0.480849,-0.115852,0
94.6,0.47966,-0.115454,0
94.65,0.478468,-0.115056,0
94.7,0.477273,-0.114658,0
94.75,0.476075,-0.114258,0
94.8,0.474874,-0.113858,0
94.85,0.473671,-0.113457,0
94.9,0.472464,-0.113056,0
94.95,0.471254,-0.112654,0
95,0.470041,-0.112251,0
95.05,0.468825,-0.111847,0
95.1,0.467606,-0.111442,0
95.15,0.466383,-0.111037,0
95.2,0.465158,-0.110631,0
95.25,0.46393,-0.110224,0
95.3,0.462698,-0.109817,0
95.35,0.461463,-0.109409,0
95.4,0.460225,-0.109,0
95.45,0.458984,-0.10859,0
95.5,0.457739,-0.108179,0
95.55,0.456492,-0.107768,0
95.6,0.455241,-0.107356,0
95.65,0.453986,-0.106943,0
95.7,0.452729,-0.10653,0
95.75,0.451468,-0.106115,0
95.8,0.450204,-0.1057,0
95.85,0.448936,-0.105284,0
95.9,0.447665,-0.104867,0
95.95,0.446391,-0.10445,0
96,0.445113,-0.104032,0
96.05,0.443832,-0.103612,0
96.1,0.442547,-0.103193,0
96.15,0.441259,-0.102772,0
96.2,0.439968,-0.10235,0
96.25,0.438672,-0.101928,0
96.3,0.437374,-0.101505,0
96.35,0.436072,-0.101081,0
96.4,0.434766,-0.100656,0
96.45,0.433456,-0.10023,0
96.5,0.432143,-0.0998034,0
96.55,0.430826,-0.099376,0
96.6,0.429506,-0.0989478,0
96.65,0.428182,-0.0985187,0
96.7,0.426854,-0.0980887,0
96.75,0.425522,-0.0976579,0
96.8,0.424187,-0.0972262,0
96.85,0.422848,-0.0967937,0
96.9,0.421505,-0.0963603,0
96.95,0.420158,-0.095926,0
97,0.418807,-0.0954908,0
97.05,0.417453,-0.0950547,0
97.1,0.416094,-0.0946177,0
97.15,0.414732,-0.0941799,0
97.2,0.413365,-0.0937411,0
97.25,0.411995,-0.0933014,0
97.3,0.41062,-0.0928608,0
97.35,0.409242,-0.0924193,0
97.4,0.407859,-0.0919769,0
97.45,0.406473,-0.0915335,0
97.5,0.405082,-0.0910892,0
97.55,0.403687,-0.090644,0
97.6,0.402287,-0.0901978,0
97.65,0.400884,-0.0897507,0
97.7,0.399476,-0.0893026,0
97.75,0.398064,-0.0888535,0
97.8,0.396648,-0.0884035,0
97.85,0.395227,-0.0879526,0
97.9,0.393802,-0.0875006,0
97.95,0.392372,-0.0870477,0
98,0.390938,-0.0865937,0
98.05,0.389499,-0.0861388,0
98.1,0.388056,-0.0856829,0
98.15,0.386609,-0.0852259,0
98.2,0.385157,-0.084768,0
98.25,0.3837,-0.084309,0
98.3,0.382238,-0.083849,0
98.35,0.380772,-0.083388,0
98.4,0.379301,-0.0829259,0
98.45,0.377825,-0.0824628,0
98.5,0.376345,-0.0819987,0
98.55,0.374859,-0.0815334,0
98.6,0.373369,-0.0810671,0
98.65,0.371874,-0.0805998,0
98.7,0.370373,-0.0801313,0
98.75,0.368868,-0.0796618,0
98.8,0.367358,-0.0791912,0
98.85,0.365842,-0.0787195,0
98.9,0.364322,-0.0782467,0
98.95,0.362796,-0.0777727,0
99,0.361265,-0.0772976,0
99.05,0.359729,-0.0768215,0
99.1,0.358187,-0.0763441,0
99.15,0.35664,-0.0758656,0
99.2,0.355088,-0.075386,0
99.25,0.35353,-0.0749052,0
99.3,0.351966,-0.0744232,0
99.35,0.350397,-0.0739401,0
99.4,0.348823,-0.0734557,0
99.45,0.347242,-0.0729702,0
99.5,0.345656,-0.0724835,0
99.55,0.344064,-0.0719955,0
99.6,0.342467,-0.0715063,0
99.65,0.340863,-0.0710159,0
99.7,0.339254,-0.0705243,0
99.75,0.337638,-0.0700314,0
99.8,0.336016,-0.0695372,0
99.85,0.334389,-0.0690418,0
99.9,0.332755,-0.0685451,0
99.95,0.331114,-0.0680471,0
100,0.329468,-0.0675478,0
100.05,0.327815,-0.0670471,0
100.1,0.326155,-0.0665452,0
100.15,0.324489,-0.066042,0
100.2,0.322817,-0.0655374,0
100.25,0.321138,-0.0650314,0
100.3,0.319452,-0.0645241,0
100.35,0.317759,-0.0640154,0
100.4,0.316059,-0.0635053,0
100.45,0.314353,-0.0629938,0
100.5,0.312639,-0.0624809,0
100.55,0.310919,-0.0619666,0
100.6,0.309191,-0.0614509,0
100.65,0.307455,-0.0609337,0
100.7,0.305713,-0.060415,0
100.75,0.303963,-0.0598949,0
100.8,0.302205,-0.0593733,0
100.85,0.30044,-0.0588501,0
100.9,0.298667,-0.0583255,0
100.95,0.296886,-0.0577994,0
101,0.295098,-0.0572717,0
101.05,0.293301,-0.0567424,0
101.1,0.291496,-0.0562116,0
101.15,0.289683,-0.0556792,0
101.2,0.287862,-0.0551452,0
101.25,0.286032,-0.0546095,0
101.3,0.284194,-0.0540723,0
101.35,0.282347,-0.0535334,0
101.4,0.280491,-0.0529928,0
101.45,0.278626,-0.0524506,0
101.5,0.276752,-0.0519066,0
101.55,0.27487,-0.0513609,0
101.6,0.272978,-0.0508135,0
101.65,0.271076,-0.0502644,0
101.7,0.269165,-0.0497135,0
101.75,0.267244,-0.0491608,0
101.8,0.265314,-0.0486063,0
101.85,0.263373,-0.0480499,0
101.9,0.261422,-0.0474917,0
101.95,0.259461,-0.0469317,0
102,0.25749,-0.0463697,0
102.05,0.255508,-0.0458058,0
102.1,0.253515,-0.0452401,0
102.15,0.251511,-0.0446723,0
102.2,0.249497,-0.0441026,0
102.25,0.24747,-0.0435309,0
102.3,0.245433,-0.0429571,0
102.35,0.243383,-0.0423813,0
102.4,0.241322,-0.0418034,0
102.45,0.239248,-0.0412235,0
102.5,0.237163,-0.0406414,0
102.55,0.235064,-0.0400571,0
102.6,0.232953,-0.0394707,0
102.65,0.230829,-0.038882,0
102.7,0.228691,-0.0382912,0
102.75,0.22654,-0.037698,0
102.8,0.224376,-0.0371026,0
102.85,0.222197,-0.0365048,0
102.9,0.220004,-0.0359047,0
102.95,0.217796,-0.0353022,0
103,0.215573,-0.0346972,0
103.05,0.213335,-0.0340898,0
103.1,0.211081,-0.0334799,0
103.15,0.208811,-0.0328675,0
103.2,0.206525,-0.0322525,0
103.25,0.204222,-0.0316349,0
103.3,0.201903,-0.0310146,0
103.35,0.199565,-0.0303917,0
103.4,0.19721,-0.029766,0
103.45,0.194837,-0.0291376,0
103.5,0.192444,-0.0285064,0
103.55,0.190033,-0.0278723,0
103.6,0.187601,-0.0272353,0
103.65,0.18515,-0.0265953,0
103.7,0.182677,-0.0259523,0
103.75,0.180183,-0.0253063,0
103.8,0.177667,-0.0246572,0
103.85,0.175128,-0.024005,0
103.9,0.172566,-0.0233495,0
103.95,0.169979,-0.0226908,0
104,0.167368,-0.0220287,0
104.05,0.164731,-0.0213633,0
104.1,0.162067,-0.0206944,0
104.15,0.159376,-0.0200221,0
104.2,0.156657,-0.0193461,0
104.25,0.153908,-0.0186666,0
104.3,0.151129,-0.0179833,0
104.35,0.148318,-0.0172963,0
104.4,0.145475,-0.0166054,0
104.45,0.142597,-0.0159106,0
104.5,0.139683,-0.0152119,0
104.55,0.136732,-0.0145091,0
104.6,0.133743,-0.0138022,0
104.65,0.130713,-0.0130911,0
104.7,0.12764,-0.0123757,0
104.75,0.124522,-0.011656,0
104.8,0.121358,-0.0109319,0
104.85,0.118144,-0.0102034,0
104.9,0.114878,-0.00947032,0
104.95,0.111556,-0.00873269,0
105,0.108176,-0.00799046,0
105.05,0.104732,-0.00724361,0
105.1,0.101223,-0.00649214,0
105.15,0.097641,-0.00573607,0
105.2,0.0939824,-0.00497549,0
105.25,0.0902405,-0.00421051,0
105.3,0.0864082,-0.00344131,0
105.35,0.0824772,-0.00266819,0
105.4,0.0784377,-0.00189158,0
105.45,0.0742783,-0.00111208,0
105.5,0.069985,-0.000330603,0
105.55,0.0655408,0.000451567,0
105.6,0.0609246,0.00123252,0
105.65,0.0561093,0.00200941,0
105.7,0.0510597,0.00277784,0
105.75,0.0457276,0.00353083,0
105.8,0.040045,0.00425662,0
105.85,0.0339085,0.00493397,0
105.9,0.0271481,0.00552012,0
105.95,0.0194415,0.005913,0
106,0.0100161,0.0057802,0
106.05,-0.00422134,0.00284512,0
106.1,0.00463676,-0.0154573,0
106.15,0.0126891,-0.0310335,0
106.2,0.0204937,-0.0460006,0
106.25,0.02818,-0.0607015,0
106.3,0.0357971,-0.0752528,0
106.35,0.0433686,-0.089708,0
106.4,0.0509078,-0.104096,0
106.45,0.0584229,-0.118435,0
106.5,0.0659192,-0.132736,0
106.55,0.0734006,-0.147007,0
106.6,0.0808699,-0.161254,0
106.65,0.0883289,-0.17548,0
106.7,0.0957794,-0.189689,0
106.75,0.103223,-0.203883,0
106.8,0.110659,-0.218065,0
106.85,0.11809,-0.232236,0
106.9,0.125517,-0.246397,0
106.95,0.132938,-0.26055,0
107,0.140356,-0.274695,0
107.05,0.147771,-0.288833,0
107.1,0.155182,-0.302965,0
107.15,0.16259,-0.317091,0
107.2,0.169996,-0.331212,0
107.25,0.177399,-0.345328,0
107.3,0.1848,-0.35944,0
107.35,0.192199,-0.373547,0
107.4,0.199596,-0.387651,0
107.45,0.206992,-0.401752,0
107.5,0.214385,-0.41585,0
107.55,0.221777,-0.429944,0
107.6,0.229168,-0.444036,0
107.65,0.236557,-0.458125,0
107.7,0.243945,-0.472211,0
107.75,0.251332,-0.486296,0
107.8,0.258717,-0.500378,0
107.85,0.266102,-0.514458,0
107.9,0.273486,-0.528536,0
107.95,0.280868,-0.542612,0
108,0.28825,-0.556686,0
108.05,0.295631,-0.570759,0
108.1,0.303011,-0.58483,0
108.15,0.31039,-0.5989,0
108.2,0.317769,-0.612968,0
108.25,0.325146,-0.627035,0
108.3,0.332523,-0.6411,0
108.35,0.3399,-0.655165,0
108.4,0.347276,-0.669228,0
108.45,0.354651,-0.68329,0
108.5,0.362026,-0.697351,0
108.55,0.3694,-0.71141,0
108.6,0.376773,-0.725469,0
108.65,0.384146,-0.739527,0
108.7,0.391519,-0.753584,0
108.75,0.398891,-0.76764,0
108.8,0.406263,-0.781695,0
108.85,0.413634,-0.795749,0
108.9,0.421005,-0.809802,0
108.95,0.428375,-0.823855,0
109,0.435745,-0.837907,0
109.05,0.443115,-0.851958,0
109.1,0.450484,-0.866008,0
109.15,0.457853,-0.880058,0
109.2,0.465222,-0.894107,0
109.25,0.47259,-0.908155,0
109.3,0.479958,-0.922203,0
109.35,0.487325,-0.93625,0
109.4,0.494692,-0.950297,0
109.45,0.502059,-0.964343,0
109.5,0.509426,-0.978388,0
109.55,0.516792,-0.992433,0
109.6,0.524159,-1.00648,0
109.65,0.531524,-1.02052,0
109.7,0.53889,-1.03456,0
109.75,0.546255,-1.04861,0
109.8,0.553621,-1.06265,0
109.85,0.560985,-1.07669,0
109.9,0.56835,-1.09073,0
109.95,0.575714,-1.10478,0
110,0.583079,-1.11882,0
110.05,0.590443,-1.13286,0
110.1,0.597806,-1.1469,0
110.15,0.60517,-1.16094,0
110.2,0.612533,-1.17497,0
110.25,0.619897,-1.18901,0
110.3,0.62726,-1.20305,0
110.35,0.634622,-1.21709,0
110.4,0.641985,-1.23113,0
110.45,0.649347,-1.24516,0
110.5,0.65671,-1.2592,0
110.55,0.664072,-1.27324,0
110.6,0.671434,-1.28727,0
110.65,0.678795,-1.30131,0
110.7,0.686157,-1.31535,0
110.75,0.693519,-1.32938,0
110.8,0.70088,-1.34342,0
110.85,0.708241,-1.35745,0
110.9,0.715602,-1.37149,0
110.95,0.722963,-1.38552,0
111,0.730324,-1.39955,0
111.05,0.737684,-1.41359,0
111.1,0.745045,-1.42762,0
111.15,0.752405,-1.44166,0
111.2,0.759765,-1.45569,0
111.25,0.767125,-1.46972,0
111.3,0.774485,-1.48375,0
111.35,0.781845,-1.49779,0
111.4,0.789205,-1.51182,0
111.45,0.796564,-1.52585,0
111.5,0.803924,-1.53988,0
111.55,0.811283,-1.55391,0
111.6,0.818643,-1.56794,0
111.65,0.826002,-1.58198,0
111.7,0.833361,-1.59601,0
111.75,0.84072,-1.61004,0
111.8,0.848078,-1.62407,0
111.85,0.855437,-1.6381,0
111.9,0.862796,-1.65213,0
111.95,0.870154,-1.66616,0
112,0.877513,-1.68019,0
112.05,0.884871,-1.69422,0
112.1,0.892229,-1.70825,0
112.15,0.899588,-1.72227,0
112.2,0.906946,-1.7363,0
112.25,0.914304,-1.75033,0
112.3,0.921661,-1.76436,0
112.35,0.929019,-1.77839,0
112.4,0.936377,-1.79242,0
112.45,0.943735,-1.80645,0
112.5,0.951092,-1.82047,0
112.55,0.95845,-1.8345,0
112.6,0.965807,-1.84853,0
112.65,0.973164,-1.86256,0
112.7,0.980522,-1.87658,0
112.75,0.987879,-1.89061,0
112.8,0.995236,-1.90464,0
112.85,1.00259,-1.91867,0
112.9,1.00995,-1.93269,0
112.95,1.01731,-1.94672,0
113,1.02466,-1.96075,0
113.05,1.03202,-1.97477,0
113.1,1.03938,-1.9888,0
113.15,1.04673,-2.00282,0
113.2,1.05409,-2.01685,0
113.25,1.06145,-2.03088,0
113.3,1.0688,-2.0449,0
113.35,1.07616,-2.05893,0
113.4,1.08352,-2.07295,0
113.45,1.09087,-2.08698,0
113.5,1.09823,-2.101,0
113.55,1.10558,-2.11503,0
113.6,1.11294,-2.12905,0
113.65,1.1203,-2.14308,0
113.7,1.12765,-2.1571,0
113.75,1.13501,-2.17113,0
113.8,1.14236,-2.18515,0
113.85,1.14972,-2.19918,0
113.9,1.15707,-2.2132,0
113.95,1.16443,-2.22723,0
114,1.17179,-2.24125,0
114.05,1.17914,-2.25527,0
114.1,1.1865,-2.2693,0
114.15,1.19385,-2.28332,0
114.2,1.20121,-2.29735,0
114.25,1.20856,-2.31137,0
114.3,1.21592,-2.32539,0
114.35,1.22327,-2.33942,0
114.4,1.23063,-2.35344,0
114.45,1.23798,-2.36746,0
114.5,1.24534,-2.38149,0
114.55,1.25269,-2.39551,0
114.6,1.26005,-2.40953,0
114.65,1.2674,-2.42355,0
114.7,1.27476,-2.43758,0
114.75,1.28211,-2.4516,0
114.8,1.28947,-2.46562,0
114.85,1.29682,-2.47965,0
114.9,1.30418,-2.49367,0
114.95,1.31153,-2.50769,0
115,1.31889,-2.52171,0
115.05,1.32624,-2.53574,0
115.1,1.3336,-2.54976,0
115.15,1.34095,-2.56378,0
115.2,1.3483,-2.5778,0
115.25,1.35566,-2.59182,0
115.3,1.36301,-2.60585,0
115.35,1.37037,-2.61987,0
115.4,1.37772,-2.63389,0
115.45,1.38508,-2.64791,0
115.5,1.39243,-2.66193,0
115.55,1.39978,-2.67595,0
115.6,1.40714,-2.68997,0
115.65,1.41449,-2.704,0
115.7,1.42185,-2.71802,0
115.75,1.4292,-2.73204,0
115.8,1.43656,-2.74606,0
115.85,1.44391,-2.76008,0
115.9,1.45126,-2.7741,0
115.95,1.45862,-2.78812,0
116,1.46597,-2.80214,0
116.05,1.47332,-2.81616,0
116.1,1.48068,-2.83019,0
116.15,1.48803,-2.84421,0
116.2,1.49539,-2.85823,0
116.25,1.50274,-2.87225,0
116.3,1.51009,-2.88627,0
116.35,1.51745,-2.90029,0
116.4,1.5248,-2.91431,0
116.45,1.53215,-2.92833,0
116.5,1.53951,-2.94235,0
116.55,1.54686,-2.95637,0
116.6,1.55421,-2.97039,0
116.65,1.56157,-2.98441,0
116.7,1.56892,-2.99843,0
116.75,1.57627,-3.01245,0
116.8,1.58363,-3.02647,0
116.85,1.59098,-3.04049,0
116.9,1.59833,-3.05451,0
116.95,1.60569,-3.06853,0
117,1.61304,-3.08255,0
117.05,1.62039,-3.09657,0
117.1,1.62775,-3.11059,0
117.15,1.6351,-3.12461,0
117.2,1.64245,-3.13863,0
117.25,1.64981,-3.15265,0
117.3,1.65716,-3.16666,0
117.35,1.66451,-3.18068,0
117.4,1.67187,-3.1947,0
117.45,1.67922,-3.20872,0
117.5,1.68657,-3.22274,0
117.55,1.69392,-3.23676,0
117.6,1.70128,-3.25078,0
117.65,1.70863,-3.2648,0
117.7,1.71598,-3.27882,0
117.75,1.72334,-3.29284,0
117.8,1.73069,-3.30686,0
117.85,1.73804,-3.32087,0
117.9,1.74539,-3.33489,0
117.95,1.75275,-3.34891,0
118,1.7601,-3.36293,0
118.05,1.76745,-3.37695,0
118.1,1.77481,-3.39097,0
118.15,1.78216,-3.40499,0
118.2,1.78951,-3.419,0
118.25,1.79686,-3.43302,0
118.3,1.80422,-3.44704,0
118.35,1.81157,-3.46106,0
118.4,1.81892,-3.47508,0
118.45,1.82627,-3.4891,0
118.5,1.83363,-3.50311,0
118.55,1.84098,-3.51713,0
118.6,1.84833,-3.53115,0
118.65,1.85568,-3.54517,0
118.7,1.86304,-3.55919,0
118.75,1.87039,-3.57321,0
118.8,1.87774,-3.58722,0
118.85,1.88509,-3.60124,0
118.9,1.89244,-3.61526,0
118.95,1.8998,-3.62928,0
119,1.90715,-3.6433,0
119.05,1.9145,-3.65731,0
119.1,1.92185,-3.67133,0
119.15,1.92921,-3.68535,0
119.2,1.93656,-3.69937,0
119.25,1.94391,-3.71338,0
119.3,1.95126,-3.7274,0
119.35,1.95861,-3.74142,0
119.4,1.96597,-3.75544,0
119.45,1.97332,-3.76945,0
119.5,1.98067,-3.78347,0
119.55,1.98802,-3.79749,0
119.6,1.99537,-3.81151,0
119.65,2.00273,-3.82552,0
119.7,2.01008,-3.83954,0
119.75,2.01743,-3.85356,0
119.8,2.02478,-3.86758,0
119.85,2.03213,-3.88159,0
119.9,2.03949,-3.89561,0
119.95,2.04684,-3.90963,0
120,2.05419,-3.92364,0
